phenotype,t_stat,p_value
Phenotype_A,-136.82463163511707,0.0
Phenotype_B,250.18168653299097,0.0
Phenotype_C,-227.69420458949168,0.0
Phenotype_D,-277.98899610725243,0.0
Phenotype_E,-22.223717759025252,2.290956639158946e-109
